image_name,pull_count
ubuntu,9556638860
ubuntu/squid,24315830
ubuntu/nginx,12479004
ubuntu/bind9,2074204
ubuntu/prometheus,1914036
ubuntu/apache2,1979980
ubuntu/cortex,4252721
ubuntu/mysql,977207
ubuntu/kafka,2204002
ubuntu/zookeeper,1416712
ubuntu/postgres,712908
ubuntu/dotnet-aspnet,275709
ubuntu/redis,474660
ubuntu/jre,288274
ubuntu/cassandra,52991
ubuntu/python,77763
ubuntu/dotnet-runtime,69705
ubuntu/grafana,146263
ubuntu/dotnet-deps,80481
ubuntu/memcached,102269
ubuntu/prometheus-alertmanager,80329
ubuntu/mlflow,26416
ubuntu/telegraf,18407
ubuntu/loki,12574
ubuntu/chiselled-jre,7092
ubuntu/alertmanager,6534
ubuntu/grafana-agent,6326
ubuntu/mimir,6032
ubuntu/traefik,4330
ubuntu/kiali,1503
ubuntu/prometheus-pushgateway,4665
ubuntu/hydra,2092
ubuntu/identity-platform-login-ui,1096
ubuntu/tempo,1972
ubuntu/istio-install-cni,1044
ubuntu/glauth,2421
ubuntu/opentelemetry-collector,1511
ubuntu/karma,1220
ubuntu/kratos,1640
ubuntu/istio-pilot,1167
ubuntu/metrics-proxy,1289
ubuntu/identity-platform-admin-ui,1019
ubuntu/parca,709
ubuntu/istio-ztunnel,1105
ubuntu/valkey,644
ubuntu/xk6,919
ubuntu/node,421
ubuntu/openfga,342
ubuntu/blackbox-exporter,113
ubuntu/git-sync,119
ubuntu/rabbitmq,97
ubuntu/nginx-prometheus-exporter,101
ubuntu/node-exporter,98
corpusops/ubuntu,131481
antrea/ubuntu,59930
rootpublic/ubuntu,905
vulhub/ubuntu,4741
lancachenet/ubuntu,2122
pufferpanel/ubuntu,1883
roche/ubuntu,62
gmao/ubuntu,116
i386/ubuntu,12555959
bertiew/ubuntu,37514949
owncloud/ubuntu,5766226
amd64/ubuntu,6570121
arm64v8/ubuntu,3898647
arm32v7/ubuntu,3191271
tutum/ubuntu,2134428
smartentry/ubuntu,959297
ossobv/ubuntu,1428604
pandaman666/ubuntu,1026654
ppc64le/ubuntu,1777835
bdfoster/ubuntu,559436
rustdocker/ubuntu,723359
nuagebec/ubuntu,1019002
s390x/ubuntu,948596
catthehacker/ubuntu,2244164
libmesos/ubuntu,1787115
darksheer/ubuntu,337418
run234/ubuntu,1325313
akhilrajmailbox/ubuntu,168433
myegorov/ubuntu,1168397
stackbrew/ubuntu,213107
churun/ubuntu,892157
barebuild/ubuntu,896234
webhippie/ubuntu,154260
lsiobase/ubuntu,809133
buluma/ubuntu,230577
gns3/ubuntu,134804
konstruktoid/ubuntu,91775
accupara/ubuntu,118116
aitravel/ubuntu,436507
asappinc/ubuntu,84032
litmusimage/ubuntu,403645
32bit/ubuntu,79022
dhollerbach/ubuntu,350001
jmartin7/ubuntu,334663
bmoorman/ubuntu,70037
ukaea/ubuntu,108886
aarch64/ubuntu,128155
nginx,12273389494
nginx/nginx-ingress,1081584532
nginx/nginx-prometheus-exporter,82739486
nginx/unit,12241955
nginx/nginx-ingress-operator,1078382
nginx/nginx-quic-qns,19131
nginx/nginxaas-loadbalancer-kubernetes,5417
nginx/unit-preview,4658
bitnami/nginx,427683179
bitnamicharts/nginx,3245907
rancher/nginx,16078976
kasmweb/nginx,2440964
linuxserver/nginx,70576154
dtagdevsec/nginx,1384886
vmware/nginx,111431
paketobuildpacks/nginx,5297572
chainguard/nginx,37113
intel/nginx,19631
gluufederation/nginx,110265
droidwiki/nginx,508836
circleci/nginx,14559
corpusops/nginx,230230
antrea/nginx,53739
docksal/nginx,26138
uselagoon/nginx,92729
vulhub/nginx,50012
geokrety/nginx,12112
islandora/nginx,47639
eclipsefdn/nginx,46905
dockette/nginx,10305
treehouses/nginx,29629
ilios/nginx,10580
wayofdev/nginx,6246
rootpublic/nginx,1170
okteto/nginx,524
openeuler/nginx,1449
sunpeek/nginx,611
youstin/nginx,518843887
wodby/nginx,11956271
bitwarden/nginx,31709623
starojanje/nginx,108733791
rasa/nginx,8172371
arm64v8/nginx,4046003
nsilpanisong/nginx,4189787
mtinny/nginx,4576685
travix/nginx,2599827
redash/nginx,3800658
amd64/nginx,1770808
websitehub/nginx,13923511
phenompeople/nginx,13794771
charlesportwoodii/nginx,1626562
ppc64le/nginx,1417994
datasense/nginx,11467511
deprecateddockerfile/nginx,2124089
hehety/nginx,1898108
skyscrapers/nginx,1233321
arm32v7/nginx,1106392
schmunk42/nginx,998076
mist/nginx,8694420
webdevops/nginx,646758
brumbrum/nginx,611450
xddxdd/nginx,1231192
secretboard/nginx,1024886
edyan/nginx,1128704
dperson/nginx,4243288
dlws/nginx,507299
distelli/nginx,3808577
s390x/nginx,514336
blacklabelops/nginx,544069
demyx/nginx,778003
rodinvr/nginx,399104
3onaco/nginx,3367484
comrada/nginx,721642
procube/nginx,742491
jakejasminjk/nginx,2590168
ziaunys/nginx,452929
tutum/nginx,530657
drupaldocker/nginx,328891
openbridge/nginx,517166
i386/nginx,345747
levonet/nginx,545202
leadsio/nginx,2142370
zjaac1/nginx,2092747
dcatno/nginx,2177718
myops/nginx,421541
em1mn/nginx,1746611
mgbi/nginx,1655082
adorsys/nginx,229291
coachtech/nginx,1684955
e2eteam/nginx,1444203
probely/nginx,372833
aexea/nginx,1348975
mantika/nginx,1453425
easyengine/nginx,343062
jvenberg/nginx,1350539
arm32v6/nginx,219133
xataz/nginx,171162
fdonato/nginx,115092
gunnerkwon/nginx,192522
python,7996851748
circleci/python,212007312
cimg/python,236309137
bitnami/python,4998611
demisto/python,3487973
okteto/python,442042
paketobuildpacks/python,3688822
chainguard/python,49817
intel/python,34297
corpusops/python,214063
stagex/python,44631
rootpublic/python,2243
vulhub/python,16582
linuxserver/python,8915
clarinpl/python,6747
koxudaxi/python,5710
dtcenter/python,1786
openeuler/python,242
nanozoo/python,63
python/docker-bpo,494
python/bpo-patroni,439
python/bpo-builder,223
appsvc/python,37159859
saagie/python,2970917
arm64v8/python,5013965
amd64/python,4143620
arm32v7/python,2993784
qbtrade/python,2589412
kubeless/python,7281565
revolutionsystems/python,1544986
s390x/python,2055107
ppc64le/python,2004341
iron/python,1068302
meetup/python,1427568
renovate/python,984832
astbss/python,1474454
i386/python,2118155
openruntimes/python,1039674
arm32v5/python,1336062
winamd64/python,1183771
syncano/python,2609693
arm32v6/python,780649
zapier/python,359133
bradrydzewski/python,1849979
halternz/python,1492605
rosti/python,513480
mips64le/python,617398
deepnote/python,1568785
muhleder/python,392090
ccitest/python,329542
snakepacker/python,316728
vaneci/python,958639
k45734/python,966428
mvcorreia/python,856950
suranagivinod/python,302468
dippynark/python,937421
devtestdemisto/python,763659
aimvector/python,778185
semprehealth/python,257615
dockershelf/python,305358
whip/python,815911
inspectorio/python,195172
deprecateddockerfile/python,287835
hivesolutions/python,147622
ceecko/python,127152
rendyprojects/python,117324
kaggle/python,198930
trollin/python,628893
mxnet/python,144898
grpc/python,201279
submitty/python,141963
thuyenlv/python,406065
fnproject/python,406746
databricksruntime/python,375503
paketocommunity/python,430829
yellowmenace07/python,292498
miedge/python,70917
madeforgoods/python,287201
opensuse/python,91840
rogerxman/python,285730
anhhoang236/python,304677
mobiletech/python,296094
appsvctest/python,281319
minidocks/python,70371
orbweb/python,44518
flywheel/python,49008
containerbase/python,43953
29ccd1c149/python,158424
bookmd/python,71617
ccistaging/python,47183
brunneis/python,51691
rever/python,44671
dalidocker/python,140831
c5752883155/python,148781
armhf/python,64928
vaporio/python,144452
wealthsimple/python,143772
t1zanae/python,40216
mlinarik/python,124805
node,5651768088
cimg/node,487685777
circleci/node,491257313
bitnami/node,37576920
kindest/node,123083610
okteto/node,2579728
chainguard/node,52232
corpusops/node,1158536
sitespeedio/node,167764
setupphp/node,85372
alpine/node,39554
rootpublic/node,2710
joxit/node,14847
treehouses/node,36544
vmware/node,2206
wayofdev/node,19990
vulhub/node,18020
systemsdk/node,483
openeuler/node,230
presearch/node,2207419479
calico/node,1671587662
iron/node,79581255
appsvc/node,159985015
renovate/node,9771104
appsvctest/node,2920823
safetyculture/node,3108531
ppc64le/node,14517545
chekote/node,1914706
openruntimes/node,1095116
amd64/node,4425151
hexinc/node,1039181
memsql/node,3972609
tmvdl/node,3947825
meticulo3366/node,966039
bdfoster/node,557910
arm64v8/node,2983626
instructure/node,512406
amibaio/node,2628926
alphapre/node,3629718
rupaya/node,3462076
lsmd/node,2447260
helixnetwork/node,2461250
storageos/node,2356573
arm32v7/node,2377537
wodby/node,2890395
switchboardlabs/node,395174
makeomatic/node,554741
myob/node,1862152
containerbase/node,419448
ehdevops/node,1759909
amazeeio/node,1723230
ringcentral/node,1473832
s390x/node,1400150
cusspvz/node,1265594
wallarm/node,1143195
mediot/node,168133
ccitest/node,253572
wealthsimple/node,1170698
l7labs/node,277486
dydxprotocol/node,278167
fleek/node,818349
projectairws/node,935957
codenvy/node,123547
arm32v6/node,625490
forerunnerindustries/node,230331
brumbrum/node,131940
adorsys/node,120126
ninghao/node,736498
flat/node,165787
eclipse/node,110929
webdollar/node,153469
akeneo/node,492589
guildeducation/node,144554
giantswarm/node,489529
fresh0insight/node,468783
dapulse/node,477940
nodejscn/node,180440
tutum/node,145330
nvbeta/node,420242
stocard/node,412032
soegarots/node,399759
ubuntudesign/node,144005
i386/node,362908
herohamp/node,375982
salesloft/node,356697
skpr/node,339942
countingup/node,157306
snykgoof/node,328908
helsinkitest/node,418458
trollin/node,309571
anomalyinnovations/node,302171
articulate/node,284765
framer/node,269226
philipssoftware/node,77238
harishtallam/node,252746
teamcodework/node,102852
streamr/node,241359
poetapp/node,233235
edulopes/node,295067
java,142804848
bitnami/java,2286459
circleci/java,382253
paketobuildpacks/java,1082224
alpine/java,108701
vulhub/java,54971
islandora/java,34232
dockette/java,418
clarinpl/java,355
rightctrl/java,4444925
appsvc/java,12056697
odpks/java,11640081
navikt/java,731667
iron/java,540564
hostingminecraft/java,679382
frekele/java,401469
cfidentity/java,1664634
skynodehost/java,313460
adorsys/java,254594
renovate/java,214123
tmvdl/java,318954
deprecateddockerfile/java,308597
blacklabelops/java,126012
submitty/java,171587
hypertrace/java,431065
dwolla/java,117471
jeanblanchard/java,94785
saagie/java,250047
instructure/java,261732
sgrio/java,57162
appsvctest/java,76695
novocompliancetemp/java,196239
graviteeio/java,169146
nimmis/java,72069
driftt/java,37673
beevelop/java,59652
kshivaprasad/java,39745
48d20752882/java,121162
e2eteam/java,118543
openruntimes/java,95654
grapeupci/java,90718
powsybl/java,35808
szewec/java,25089
akiunlocks/java,24820
1b655117f37e/java,86576
cloudesire/java,77786
epicsoft/java,72093
bowery/java,72892
nzopaydocker/java,71892
esycat/java,26097
minidocks/java,20345
vicamo/java,60735
nextgearcapital/java,17269
containerbase/java,14814
pig4cloud/java,51911
codebattle/java,53854
moxm/java,52594
webhippie/java,15276
kubeless/java,41604
almundo/java,20739
tifayuki/java,15808
improving/java,12706
ubirch/java,14153
licunchang/java,37076
develar/java,35398
netflixoss/java,13353
maxird/java,9024
coderenterprise/java,31857
devitllc/java,32772
opsmx11/java,9094
maxexcloo/java,27327
trendava/java,26844
esputnik/java,27419
booky10/java,26084
podshumok/java,12685
uodcvip/java,25929
defradigital/java,24254
quiq/java,7764
aalekseyev/java,9871
buzzxu/java,6299
initializbuildpacks/java,22615
madroxdockerhub/java,23049
fromscratch/java,22778
microblink/java,11333
onstructive/java,8310
rstiller/java,12651
qasymphony/java,6284
imanticsiot/java,6404
entelectchallenge/java,17699
breadhost/java,5801
odtech/java,16540
ratd/java,15868
airhacks/java,5166
webratio/java,5644
thronspa/java,4791
graigala853/java,12553
melphos/java,11507
infotechsoft/java,4136
andreluiznsilva/java,4540
cyberdojofoundation/java,10974
php,1230163936
circleci/php,39689564
cimg/php,34385139
paketobuildpacks/php,8894774
serversideup/php,909035
chainguard/php,41147
dockette/php,300661
corpusops/php,310830
okteto/php,12020
vulhub/php,130764
thebiggive/php,21905
rootpublic/php,1553
ilios/php,1422
docksal/php,568
stagex/php,50
appsvc/php,69018074
owncloudci/php,35371898
arm32v7/php,26565515
thecodingmachine/php,7712281
wlniao/php,4327707
rightctrl/php,4441186
chialab/php,4560018
charlesportwoodii/php,4172183
spryker/php,9613342
arm64v8/php,4732204
amd64/php,4696553
gists/php,3288525
wordpressdevelop/php,4261298
umotif/php,16391456
ppc64le/php,4126251
wyrihaximusnet/php,3049891
i386/php,4425802
devwithlando/php,3304965
evpsradiology/php,11380773
appsvctest/php,1137091
edyan/php,3281759
luky/php,2610788
atsystem/php,6808137
nymediaas/php,779538
oberonamsterdam/php,2240015
gemoroy/php,5291211
webdevops/php,1648926
openruntimes/php,1009485
joebiellik/php,2420368
harborcomplianceorg/php,1003358
s390x/php,2454983
amazeeio/php,4437145
ccitest/php,942345
phpdockerio/php,664287
arm32v5/php,2271310
wodby/php,1402254
tetraweb/php,1733724
arm32v6/php,2074076
efabrica/php,818196
jrcs/php,533816
stickee/php,1092825
mips64le/php,1121827
unleashed/php,494387
lawnstarter/php,664771
davidalger/php,422121
kooldev/php,435919
iron/php,1714123
chekote/php,679660
konjak/php,610633
khs1994/php,1966590
adbv/php,222710
shinsenter/php,527561
ezsystems/php,558968
jitesoft/php,433065
drupaldocker/php,308507
jcid/php,240288
kolyadin/php,621354
brumbrum/php,451647
extremeshok/php,289227
teamcodework/php,511488
ccistaging/php,320691
mitting/php,1487496
nasajon/php,141697
dealerdirect/php,1177352
rosti/php,319206
tidyapp/php,211771
halplatform/php,266245
easyengine/php,274040
phundament/php,1086721
usabillabv/php,415631
interlutions/php,159093
phpdaily/php,241565
peckadesign/php,180382
renovate/php,909007
forspam20/php,893908
lephare/php,943336
qonstrukt/php,242471
prooph/php,227184
gustavofreze/php,145140
in2code/php,233771
r0bj/php,775116
vicampo/php,175788
devoops/php,156147
cornernote/php,183342
containerbase/php,127598
ruby,1486421467
cimg/ruby,245631586
circleci/ruby,369719523
bitnami/ruby,27768721
paketobuildpacks/ruby,6827841
chainguard/ruby,17035
datadog/ruby,11570
okteto/ruby,7374
corpusops/ruby,179682
manageiq/ruby,13999
vulhub/ruby,14123
nanozoo/ruby,108
appsvc/ruby,38133975
karthequian/ruby,48364156
iron/ruby,4836923
rylnd/ruby,9035672
pivotalcfreleng/ruby,8389071
aptible/ruby,2426652
tnwhitwell/ruby,2056391
rubylang/ruby,1591426
swoopcircleci/ruby,6843816
openruntimes/ruby,1008941
arm64v8/ruby,1071732
odpks/ruby,3340191
wealthsimple/ruby,1940817
flowspace/ruby,2254174
amd64/ruby,1069978
appsvctest/ruby,458380
i386/ruby,962656
tinypulse/ruby,576160
arm32v7/ruby,894227
s390x/ruby,801681
instructure/ruby,407111
liaisonintl/ruby,415607
kapost/ruby,303713
gusto/ruby,375359
arm32v5/ruby,578126
influitive/ruby,351142
dmitryrck/ruby,193365
xfersprodserver/ruby,1246562
semaphoreci/ruby,222149
renovate/ruby,1024792
ppc64le/ruby,878847
mips64le/ruby,318979
joinswoop/ruby,2084645
sweorg/ruby,825051
weinfuse/ruby,182650
fablic/ruby,576898
teamenvoy/ruby,272283
forestryio/ruby,365590
phogo/ruby,424036
bdfoster/ruby,557145
smarthr/ruby,418239
rnds/ruby,116640
rosti/ruby,124886
beenverifiedinc/ruby,387306
fromscratch/ruby,1195654
trollin/ruby,351770
rvshare/ruby,330934
delner/ruby,109259
ccitest/ruby,217663
payt/ruby,67499
piesystems/ruby,75225
salesloft/ruby,282882
arm32v6/ruby,281447
inventables/ruby,213994
marinad/ruby,78307
searchgov/ruby,198007
residently/ruby,220734
emsaus/ruby,65538
pacecar/ruby,63860
halalbooking/ruby,155184
containerbase/ruby,32918
9a91805492bd/ruby,143287
storenvy/ruby,50139
buildrtech/ruby,147543
howlerp45/ruby,119723
agideo/ruby,28803
procoretech/ruby,138756
governmentpaas/ruby,101650
metropa/ruby,28012
boostnz/ruby,36030
secureruby/ruby,71490
autogrid/ruby,121459
creditas/ruby,95087
ccistaging/ruby,32334
informedops/ruby,248771
lilregie/ruby,101777
papinotas/ruby,90672
getslingshot/ruby,84641
edenwizards/ruby,85287
rubybench/ruby,46047
salemove/ruby,84289
minimum2scp/ruby,28937
seapy/ruby,20683
uolcz/ruby,80002
embraslabs/ruby,23883
codebattle/ruby,76451
gmsdocker/ruby,158158
ministryofjustice/ruby,24284
golang,2327595363
circleci/golang,50147217
okteto/golang,531065
bitnami/golang,948837
antrea/golang,552345
rancher/golang,37345
alpinelinux/golang,60908
corpusops/golang,139761
rootpublic/golang,1259
pivotalcfreleng/golang,35226170
jetbrainsinfra/golang,13441745
odpks/golang,28778857
jelastic/golang,6480414
webhippie/golang,1649874
amd64/golang,1568862
idoall/golang,449955
cfinfrastructure/golang,3479432
cycloid/golang,3358099
arm32v7/golang,744435
arm64v8/golang,979107
winamd64/golang,672222
i386/golang,615950
s390x/golang,598580
tmobilecf/golang,1293465
pivnet/golang,1107094
ppc64le/golang,459535
qbtrade/golang,1218286
kaarthikshakthi2/golang,875284
arm32v6/golang,265446
shyxormz/golang,716175
pvtlmc/golang,946322
os33/golang,706928
bdfoster/golang,557321
beyondsecurity/golang,540150
brumbrum/golang,616915
pacificporter/golang,110221
estafette/golang,385733
vungle/golang,385105
owncloudci/golang,376731
mips64le/golang,141776
afisme/golang,94913
zhoujun/golang,392776
goboring/golang,297112
arm32v5/golang,113312
instructure/golang,67917
devbeta/golang,349386
convertingnetwork/golang,50438
trollin/golang,299039
rigado/golang,141203
ccitest/golang,139213
mpfmedical/golang,159769
snowdreamtech/golang,29010
tsovak/golang,56034
liuquan0722/golang,101776
dockerpinata/golang,95345
wpengine/golang,22628
bamx/golang,24962
governmentpaas/golang,101694
eirinistaging/golang,78409
codebattle/golang,74657
nimmis/golang,33421
eidolons/golang,27123
countingup/golang,33464
everledgerio/golang,26067
salesloft/golang,51567
corelight/golang,17982
semaphoreci/golang,13703
tozny/golang,11073
framer/golang,61000
winchci/golang,47050
kankush/golang,47011
diamol/golang,45463
fifintegracion/golang,44323
accupara/golang,45578
apecloud/golang,44616
fundingsocietiesdocker/golang,41224
gofunky/golang,18041
zirra/golang,17994
mooncamp/golang,33443
storjlabs/golang,32050
swordhealth/golang,31968
bellhops/golang,38200
fuzzitdev/golang,10169
sylabsio/golang,31108
pcinc/golang,28666
malston/golang,26647
apextoaster/golang,12685
bd2f768b/golang,27476
agrozyme/golang,11959
glabbr/golang,25754
aimvector/golang,23888
soajsorg/golang,30491
thedumptruck/golang,11026
mondoolabs/golang,24525
landedhomes/golang,8220
shivam010/golang,12274
jspc/golang,22930
mondoohq/golang,20518
freshworks/golang,19699
ccistaging/golang,24633
georchestra/database,31581
deis/database,12005184
storyscript/database,538133
liferaycloud/database,307898
tenlastic/database,280063
flosuckert97/database,81476
logcomexdevops/database,72982
deisci/database,60454
deviarch/database,12785
growcomputerinc/database,3796
kodokojo/database,10494
aaronbronow/database,8424
rmts/database,7223
observatorio/database,6559
shabados/database,5620
gradido/database,5378
overview/database,2468
dionerait/database,4842
telematicsdevteam/database,3724
digitalexcellence/database,1233
oshp/database,1687
bitryt/database,1741
innovaceprojects/database,3171
jhansimurugavel/database,2565
spargo/database,2668
teleniuminc/database,1263
petrjahoda/database,2588
datagaps/database,2419
nearaurora/database,1986
telematicsdevteams/database,1759
conduitplatform/database,1437
goatcommunity/database,1442
fogbow/database,1466
mvauth/database,1480
bearpass/database,1444
initrode/database,1398
herensuge/database,1265
fashaikh7/database,1224
wongames/database,1209
icecrawler/database,1086
sp4c3c4t/database,1059
stevenjp/database,1031
elijose55/database,1055
nhutfessional/database,1085
hephy/database,597
zeustartan/database,564
sysuquant/database,1029
mariaelisacf/database,1021
systemautoscaler/database,958
gpao/database,963
andreluiznsilva/database,936
siaconnect/database,550
interactiveuser01/database,838
openbiomaps/database,840
marianabetancur14/database,782
kubernetesmailserver/database,489
vmaas/database,754
flumecloudservices/database,458
mansoonseason77/database,750
sminot/database,741
glenux/database,721
andreazorzetto/database,625
iamjeerge/database,608
hsin1128/database,616
lyubutinan/database,654
opennem/database,638
meetarticles/database,573
arhadon/database,575
amineakdim/database,595
lmateos/database,552
sgoings/database,543
ilyach/database,296
comm/database,308
nekkoy/database,237
sparklegifts/database,434
scitizen/database,470
sanedev/database,438
cofoot/database,427
icehofman/database,257
juanca548/database,430
flagprotectors/database,443
shintech/database,404
wouterloeve1337/database,431
fishbowldev/database,410
slaventiysvat/database,265
rnakato/database,414
strixeye/database,234
ogochukwuozotta/database,407
mbsimenv/database,375
ablasco/database,367
pbbg/database,390
efaps/database,182
cauldronio/database,359
pensersauvage/database,223
titiyoyo/database,357
mealplan/database,373
cloaiza/database,368
dockenstack/database,333
juankanh/database,355
pvt2024/database,347
redis,9589098665
redis/redis-stack-server,17765843
redis/redis-stack,11335416
redis/redisinsight,1156847
redis/rdi-monitor,8764
redis/rdi-collector-api,5655
redis/rdi-api,9079
redis/rdi-processor,5678
redis/rdi-operator,7786
redis/rdi-collector-initializer,6337
bitnami/redis,3301964521
redis/rdi-cli,4653
circleci/redis,214520443
redislabs/redis,4721658
bitnamicharts/redis,26671193
cimg/redis,96495140
redis/redis-di-cli,336
dtagdevsec/redis,2166825
redis/debezium-server,73
elestio/redis,57109
redis/reloader,24
chainguard/redis,19630
corpusops/redis,169154
mcp/redis,2351
vulhub/redis,37334
uselagoon/redis,11209
okteto/redis,968
rootpublic/redis,889
stagex/redis,7008
ilios/redis,6608
openeuler/redis,721
manageiq/redis,93
webhippie/redis,18529219
jelastic/redis,6498769
datasense/redis,28819683
sameersbn/redis,29273743
wodby/redis,2870617
arm32v7/redis,6668951
arm64v8/redis,5009079
cflondonservices/redis,1003736
redisfab/redis,1852636
tiredofit/redis,1784419
danfengliu/redis,6193407
mydock365/redis,488248
eilandert/redis,799812
dynomitedb/redis,488778
scalingo/redis,705822
amd64/redis,962589
ardoq/redis,3161284
tutum/redis,547901
deprecateddockerfile/redis,722249
imagenarium/redis,2787539
gurpartap/redis,630372
ccurd/redis,2067818
i386/redis,650541
healthcheck/redis,1752600
litaio/redis,292695
frodenas/redis,281567
s390x/redis,459893
anchorfree/redis,228299
iconviet/redis,1550342
arm32v6/redis,422063
easyengine/redis,202262
leanlabs/redis,1283028
ppc64le/redis,403610
centos/redis,138584
jumpserver/redis,278011
kubedb/redis,853703
deis/redis,594476
sergioperez98/redis,662583
thedutchselection/redis,58710
hausgold/redis,98162
amazeeio/redis,505152
fulcrum/redis,82734
centurylink/redis,478227
arm32v5/redis,156721
dalinaum/redis,392896
ccitest/redis,68939
e2eteam/redis,361983
cloudron/redis,360067
apiaryio/redis,121473
paunin/redis,47635
stingar/redis,79014
quanted/redis,47181
devdb/redis,46605
mips64le/redis,114797
iynere/redis,315548
johncosta/redis,121719
bilalnn/redis,316159
drud/redis,31506
streamr/redis,301942
appsdeck/redis,257593
metowolf/redis,53896
tetrate/redis,270636
convox/redis,238260
olono/redis,258185
armhf/redis,85490
openiamdocker/redis,228173
aptible/redis,247781
mongo,4564488373
circleci/mongo,49741315
litmuschaos/mongo,8232622
corpusops/mongo,149526
